<?xml version="1.0" encoding="UTF-8"?>
<project-private xmlns="http://www.netbeans.org/ns/project-private/1">
    <editor-bookmarks xmlns="http://www.netbeans.org/ns/editor-bookmarks/2" lastBookmarkId="0"/>
    <open-files xmlns="http://www.netbeans.org/ns/projectui-open-files/2">
        <group>
            <file>file:/C:/Users/AitorPC/Documents/Programacion/BaseDeDatos2/src/Vistas/VCrearEvento.java</file>
            <file>file:/C:/Users/AitorPC/Documents/Programacion/BaseDeDatos2/src/Modelo/Evento.java</file>
            <file>file:/C:/Users/AitorPC/Documents/Programacion/BaseDeDatos2/src/Vistas/V1.java</file>
            <file>file:/C:/Users/AitorPC/Documents/Programacion/BaseDeDatos2/src/basededatos2/BaseDeDatos2.java</file>
        </group>
    </open-files>
</project-private>
